{
  "generated_at": "2025-05-02T00:00:00Z",
  "git_sha": "e3db2ba",
  "per_session_rate": {
    "tier1.cd": {
      "agent": 0.3076923076923077,
      "conductor": 5.5,
      "master": 0.0
    },
    "tier1.env": {
      "agent": 0.15384615384615385,
      "conductor": 0.0,
      "master": 0.0
    },
    "tier1.git_switch": {
      "agent": 0.07692307692307693,
      "conductor": 0.0,
      "master": 0.0
    },
    "tier2.env_check": {
      "agent": 0.0,
      "conductor": 0.0,
      "master": 0.0
    },
    "tier2.git_status": {
      "agent": 0.23076923076923078,
      "conductor": 0.5,
      "master": 2.0
    },
    "tier2.pwd": {
      "agent": 0.0,
      "conductor": 0.0,
      "master": 0.0
    }
  },
  "phase": "before",
  "schema_version": 1,
  "source_name": "ctxd",
  "tier1": {
    "cd": {
      "agent": 4,
      "conductor": 22,
      "master": 0,
      "total": 26
    },
    "env": {
      "agent": 2,
      "conductor": 0,
      "master": 0,
      "total": 2
    },
    "git_switch": {
      "agent": 1,
      "conductor": 0,
      "master": 0,
      "total": 1
    }
  },
  "tier2": {
    "env_check": {
      "agent": 0,
      "conductor": 0,
      "master": 0,
      "total": 0
    },
    "git_status": {
      "agent": 3,
      "conductor": 2,
      "master": 2,
      "total": 7
    },
    "pwd": {
      "agent": 0,
      "conductor": 0,
      "master": 0,
      "total": 0
    }
  },
  "tier3": {
    "by_model_role": [
      {
        "avg_duration_ms": 1040.576923076923,
        "avg_input": 204.69230769230768,
        "avg_output": 11.076923076923077,
        "model": "claude-haiku-4-5-20251001",
        "role": "agent",
        "tasks": 8
      },
      {
        "avg_duration_ms": 12466.084192439863,
        "avg_input": 47.419243986254294,
        "avg_output": 818.7783505154639,
        "model": "claude-opus-4-7",
        "role": "agent",
        "tasks": 9
      },
      {
        "avg_duration_ms": 12185.418803418803,
        "avg_input": 1.0427350427350428,
        "avg_output": 740.4871794871794,
        "model": "claude-opus-4-7",
        "role": "conductor",
        "tasks": 4
      }
    ],
    "by_role": [
      {
        "avg_cache_create": 3746.5157728706627,
        "avg_cache_read": 81628.08990536278,
        "avg_duration_ms": 11528.976340694006,
        "avg_input": 60.3186119873817,
        "avg_output": 752.531545741325,
        "role": "agent",
        "tasks": 9
      },
      {
        "avg_cache_create": 1707.5042735042734,
        "avg_cache_read": 96447.22222222222,
        "avg_duration_ms": 12185.418803418803,
        "avg_input": 1.0427350427350428,
        "avg_output": 740.4871794871794,
        "role": "conductor",
        "tasks": 4
      }
    ]
  },
  "totals": {
    "bash_calls": 297,
    "sessions": 18,
    "sessions_by_role": {
      "agent": 13,
      "conductor": 4,
      "master": 1
    },
    "tasks": 0,
    "tool_calls": 571
  },
  "window": {
    "since": "2026-05-02",
    "until": "2026-05-03"
  }
}
